,Postcode,latitude,longitude,Straat,Netnummer,Postcodenummer,Buurt,Wijk,Plaats,Gemeente,Provincie,Straten
0,4811 CA,51.5946317003,4.7885515477519,"
Ceresstraat 1 - 47 

",076,4811,Station,Breda Centrum,Breda,Breda,Noord-Brabant,
0,9715 BT,53.2289473923,6.5620397852444,"
Riouwstraat 21 - 41 

",050,9715,Indische buurt,Oud-Noord,Groningen,Groningen,Groningen,
0,1078 CE,52.34735288642,4.9000724389751,"
IJselstraat 71 - 85 

",020,1078,IJselbuurt West,IJselbuurt,Amsterdam,Amsterdam,Noord-Holland,
0,2312 RK,52.161821209741,4.4992663273752,"
Oude Singel 240 - 366 

",071,2312,Noordvest,Binnenstad-Noord,Leiden,Leiden,Zuid-Holland,
0,5611 EK,51.436664866736,5.4803051684457,"
Begijnenhof 1 - 35 

",040,5611,Binnenstad,Wijk 11 Stadsdeel Centrum,Eindhoven,Eindhoven,Noord-Brabant,
0,6413 MA,50.914457738431,5.947753138732,"
Fossielenerf 2 - 96 

",045,6413,Groot Rennemig,Wijk 24 Rennemig-Beersdal,Heerlen,Heerlen,Limburg,
0,3543 EN,52.101130891238,5.0459817513431,"
Ella Fitzgeraldplein 1 - 1005 

",030,3543,Terwijde-Oost,Wijk 09 Leidsche Rijn,Utrecht,Utrecht,Utrecht,
0,6711 GZ,52.044337851501,5.6694113858924,"
Marktstraat 189 - 255 

",0318,6711,Centrum Ede,Ede-Oost,Ede,Ede,Gelderland,
0,3037 XK,51.934709488548,4.4710510409166,"
Schieveenstraat 31 - 51 

",010,3037,Liskwartier,Noord,Rotterdam,Rotterdam,Zuid-Holland,
0,4811 TP,51.587683584128,4.769504398904,"
Haagdijk 41 - 99 

",076,4811,Schorsmolen,Breda Centrum,Breda,Breda,Noord-Brabant,
0,2431 AE,52.164733467288,4.8281711607365,"
Simon van Capelweg 109 - 205 

",0172,2431,Noorden (gedeeltelijk),Wijk 00,Noorden,Nieuwkoop,Zuid-Holland,
0,1972 PT,52.461822541929,4.6052764159432,"
Jacob van Heemskerkstraat 35 - 65 

",0255,1972,Verzetsheldenbuurt,Wijk 01 IJmuiden-Noord,IJmuiden,Velsen,Noord-Holland,
0,5623 AW,51.454353084214,5.4764407229202,"
Veldmaarschalk Montgomerylaan 719 - 781 

",040,5623,Kronehoef,Wijk 14 Stadsdeel Woensel-Zuid,Eindhoven,Eindhoven,Noord-Brabant,
0,3074 EB,51.898221083574,4.5104051343674,"
Beijerlandselaan 27 - 47 

",010,3074,Hillesluis,Feijenoord,Rotterdam,Rotterdam,Zuid-Holland,
0,2524 AZ,52.054578647473,4.317709096723,"
Van Zeggelenlaan 232 - 276 

",070,2524,Laakkwartier-West,Wijk 38 Laakkwartier en Spoorwijk,Den Haag,'s-Gravenhage,Zuid-Holland,
0,5041 AR,51.565183068516,5.088012555418,"
Schaepmanstraat 2 - 46 

",013,5041,Theresia Oost,Theresia,Tilburg,Tilburg,Noord-Brabant,
0,5664 GT,51.423978284899,5.5625335434137,"
Hofdael 162 - 214 

",040,5664,Centrum,Wijk 00 Geldrop,Geldrop,Geldrop-Mierlo,Noord-Brabant,
0,6131 HK,50.996168004312,5.8734664619949,"
Putstraat 51 - 97 

",046,6131,Sittard-Centrum,Wijk 01 Sittard,Sittard,Sittard-Geleen,Limburg,
0,5616 BW,51.436257145726,5.4632856536919,"
Graaf Adolfstraat 2 - 60 

",040,5616,"Eliasterrein, Vonderkwartier",Wijk 16 Stadsdeel Strijp,Eindhoven,Eindhoven,Noord-Brabant,
0,5104 KD,51.626370018976,4.9461822450123,"
Min. Ruys de Beerenbrouckstraat 1 - 27 

",0162,5104,Centrum,Dongen,Dongen,Dongen,Noord-Brabant,
0,8911 BD,53.199113722942,5.7890228392295,"
Westerkade 7 - 77 

",058,8911,Zaailand,Binnenstad,Leeuwarden,Leeuwarden,Friesland,
0,3062 HE,51.925356608784,4.5193444563818,"
Louise de Colignylaan 127 - 245 

",010,3062,Kralingen Oost,Kralingen-Crooswijk,Rotterdam,Rotterdam,Zuid-Holland,
0,2281 BD,52.059489581456,4.3382392027609,"
Caan van Necklaan 123 - 151 

",070,2281,Cromvliet,Wijk 01,Rijswijk,Rijswijk,Zuid-Holland,
0,3526 XX,52.072331802557,5.1046178673861,"
Jo Wüthrichlaan 1 - 55 

",030,3526,Transwijk-Zuid,Wijk 08 Zuidwest,Utrecht,Utrecht,Utrecht,
0,2517 VX,52.081969010021,4.2859417648777,"
Obrechtstraat 92 - 118 

",070,2517,Sweelinckplein en omgeving,Wijk 11 Duinoord,Den Haag,'s-Gravenhage,Zuid-Holland,
0,3085 HE,51.874535914325,4.4940346623119,"
Langenhorst 237 - 291 

",010,3085,Zuidwijk,Charlois,Rotterdam,Rotterdam,Zuid-Holland,
0,9711 LX,53.217957000855,6.5670773567766,"
Grote Markt 45 - 51 

",050,9711,Binnenstad-Zuid,Centrum,Groningen,Groningen,Groningen,
0,1075 XK,52.355268481141,4.854997438987,"
Amstelveenseweg 110 - 116 

",020,1075,Schinkelbuurt Noord,Schinkelbuurt,Amsterdam,Amsterdam,Noord-Holland,
0,5612 HZ,51.446240921025,5.4694360866204,"
Zernikestraat 1 - 130 

",040,5612,Limbeek-Noord,Wijk 14 Stadsdeel Woensel-Zuid,Eindhoven,Eindhoven,Noord-Brabant,
0,3772 PX,52.125401652684,5.5955273253952,"
Leghornlaan 1 - 166 

",0342,3772,Veller,Wijk 54 Barneveld,Barneveld,Barneveld,Gelderland,
0,4823 KB,51.625224571658,4.7360099438557,"
Overkroetenlaan 108 - 176 

",076,4823,Overkroeten,Breda Noord-West,Breda,Breda,Noord-Brabant,
0,5491 MG,51.571863678876,5.4468987435395,"
Beethovenstraat 1 - 15 

",0413,5491,Cathalijne en Kinderbos,Sint-Oedenrode,Sint-Oedenrode,Meierijstad,Noord-Brabant,
0,4382 LE,51.448503780226,3.5678689337014,"
Dokter Stavermanstraat 33 - 61 

",0118,4382,Stadhuisplein e.o.,Binnenstad,Vlissingen,Vlissingen,Zeeland,
0,7322 NK,52.222019432948,5.9932197762047,"
Kalmoesstraat 67 - 97 

",055,7322,De Mheen,Noordoost,Apeldoorn,Apeldoorn,Gelderland,
0,4817 KB,51.59120196096,4.7942492270154,"
St. Ignatiusstraat 45 - 81 

",076,4817,Brabantpark,Breda Oost,Breda,Breda,Noord-Brabant,
0,1071 CL,52.359151907249,4.8795745436635,"
Jan Luijkenstraat 37 - 47 

",020,1071,P.C. Hooftbuurt,Museumkwartier,Amsterdam,Amsterdam,Noord-Holland,
0,1082 XP,52.332351407871,4.8752615213002,"
Doddendaal 41 - 79 

",020,1082,Gelderlandpleinbuurt,Buitenveldert-West,Amsterdam,Amsterdam,Noord-Holland,
0,2562 KL,52.074781506861,4.2817043726123,"
Newtonstraat 345 - 393 

",070,2562,Koningsplein en omgeving,Wijk 21 Regentessekwartier,Den Haag,'s-Gravenhage,Zuid-Holland,
0,2582 VM,52.088659318153,4.2734999332685,"
Van Beverningkstraat 160 - 258 

",070,2582,Statenkwartier,Wijk 09 Geuzen- en Statenkwartier,Den Haag,'s-Gravenhage,Zuid-Holland,
0,5621 EA,51.455627709206,5.4595141971503,"
Musschenbroekstraat 1 - 37 

",040,5621,Woensel-West,Wijk 14 Stadsdeel Woensel-Zuid,Eindhoven,Eindhoven,Noord-Brabant,
0,9717 KA,53.228572939938,6.5565900724794,"
Koolstraat 1 - 15 

",050,9717,Noorderplantsoenbuurt,Oud-West,Groningen,Groningen,Groningen,
0,2565 EM,52.073500474272,4.2671055812497,"
Goudenregenstraat 3 - 45 

",070,2565,Heesterbuurt,Wijk 20 Valkenboskwartier,Den Haag,'s-Gravenhage,Zuid-Holland,
0,1055 EC,52.38261068726,4.8552488579079,"
Bos en Lommerweg 50 - 96 

",020,1055,Gibraltarbuurt,Landlust,Amsterdam,Amsterdam,Noord-Holland,
0,6605 AG,51.797939965507,5.7323464921982,"
de Ververt 1202 - 1272 

",024,6605,De Ververt,Wijk 01 Wijchen kern,Wijchen,Wijchen,Gelderland,
0,2524 AL,52.053087400056,4.3186369134905,"
Van Zeggelenlaan 341 - 381 

",070,2524,Laakkwartier-West,Wijk 38 Laakkwartier en Spoorwijk,Den Haag,'s-Gravenhage,Zuid-Holland,
0,1171 GN,52.335698120022,4.7953818452662,"
Jan van Gentstraat 100 - 148 

",020,1171,Badhoevedorp Noordoost,Badhoevedorp,Badhoevedorp,Haarlemmermeer,Noord-Holland,
0,2011 AD,52.379398047327,4.6406688893442,"
Jan van Gentstraat 100 - 148 

",023,2011,Burgwal,Oude Stad,Haarlem,Haarlem,Noord-Holland,"
Spaarnwouderstraat 2 - 38 

Wijdesteeg 3 - 3 

"
0,3812 EG,52.158466261704,5.3776057269261,"
Groningerstraat 5 - 176 

",033,3812,Puntenburg,Wijk 03 Soesterkwartier,Amersfoort,Amersfoort,Utrecht,"
Spaarnwouderstraat 2 - 38 

Wijdesteeg 3 - 3 

"
0,9262 ND,53.187635403638,6.0184903348742,"
Solcamastraat 7 - 53 

",0511,9262,Verspreide huizen Sumar,Wijk 06 Sumar,Sumar,Tytsjerksteradiel,Friesland,"
Spaarnwouderstraat 2 - 38 

Wijdesteeg 3 - 3 

"
0,3311 EP,51.815377951032,4.6679926631983,"
Voorstraat 205 - 347 

",078,3311,Centrum,Wijk 01 Binnenstad,Dordrecht,Dordrecht,Zuid-Holland,"
Spaarnwouderstraat 2 - 38 

Wijdesteeg 3 - 3 

"
0,1188 BK,52.283380952464,4.8536444957253,"
Eenhoorn 2 - 34 

",020,1188,Hemellichamenbuurt,"Waardhuizen, Middenhoven",Amstelveen,Amstelveen,Noord-Holland,"
Spaarnwouderstraat 2 - 38 

Wijdesteeg 3 - 3 

"
0,5611 NJ,51.431219922444,5.4842051580546,"
Bomanshof 1 - 35 

",040,5611,Elzent-Noord,Wijk 12 Stadsdeel Stratum,Eindhoven,Eindhoven,Noord-Brabant,"
Spaarnwouderstraat 2 - 38 

Wijdesteeg 3 - 3 

"
0,9717 LR,53.224447984437,6.5538221059681,"
Bergstraat 1 - 35 

",050,9717,Noorderplantsoenbuurt,Oud-West,Groningen,Groningen,Groningen,"
Spaarnwouderstraat 2 - 38 

Wijdesteeg 3 - 3 

"
0,3814 CC,52.15727964694,5.3987602250276,"
Hogeweg 19 - 39 

",033,3814,Columbusweg,Wijk 07 De Kruiskamp,Amersfoort,Amersfoort,Utrecht,"
Spaarnwouderstraat 2 - 38 

Wijdesteeg 3 - 3 

"
0,2566 GG,52.081140171281,4.2597359639013,"
Nieboerweg 264 - 284 

",070,2566,Vogelwijk,Wijk 13 Vogelwijk,Den Haag,'s-Gravenhage,Zuid-Holland,"
Spaarnwouderstraat 2 - 38 

Wijdesteeg 3 - 3 

"
0,2031 VP,52.386949883249,4.6503872698065,"
Max Euweplein 1 - 50 

",023,2031,Sportliedenbuurt,Waarder- en Veerpolder,Haarlem,Haarlem,Noord-Holland,"
Spaarnwouderstraat 2 - 38 

Wijdesteeg 3 - 3 

"
0,1871 EJ,52.703172855622,4.6934341572482,"
Heereweg 30 - 62 

",072,1871,Schoorl met Bregtdorp,Wijk 07 Schoorl,Schoorl,Bergen (NH.),Noord-Holland,"
Spaarnwouderstraat 2 - 38 

Wijdesteeg 3 - 3 

"
0,1011 TM,52.37132727465,4.9099027322176,"
Foeliestraat 2 - 42 

",020,1011,Rapenburg,Nieuwmarkt/Lastage,Amsterdam,Amsterdam,Noord-Holland,"
Spaarnwouderstraat 2 - 38 

Wijdesteeg 3 - 3 

"
0,1013 SL,52.389255311704,4.8769792913298,"
Wormerveerstraat 20 - 204 

",020,1013,Spaarndammerbuurt Zuidwest,Spaarndammer- en Zeeheldenbuurt,Amsterdam,Amsterdam,Noord-Holland,"
Spaarnwouderstraat 2 - 38 

Wijdesteeg 3 - 3 

"
0,3072 RD,51.902406498973,4.5043575604165,"
Hilledijk 71 - 87 

",010,3072,Afrikaanderwijk,Feijenoord,Rotterdam,Rotterdam,Zuid-Holland,"
Spaarnwouderstraat 2 - 38 

Wijdesteeg 3 - 3 

"
0,7511 HC,52.21974783989,6.8972275142327,"
Langestraat 2 - 62 

",053,7511,City,Wijk 00 Binnensingelgebied,Enschede,Enschede,Overijssel,"
Spaarnwouderstraat 2 - 38 

Wijdesteeg 3 - 3 

"
0,6221 BG,50.849937064032,5.7020641580503,"
Wilhelminasingel 43 - 89 

",043,6221,Wyck,Wijk 00 Centrum,Maastricht,Maastricht,Limburg,"
Spaarnwouderstraat 2 - 38 

Wijdesteeg 3 - 3 

"
0,3082 PD,51.89033927808,4.4632011230208,"
Zuidhoek 77 - 109 

",010,3082,Oud Charlois,Charlois,Rotterdam,Rotterdam,Zuid-Holland,"
Spaarnwouderstraat 2 - 38 

Wijdesteeg 3 - 3 

"
0,3521 AT,52.082858476886,5.1079394570739,"
Veilinghavenkade 1 - 177 

",030,3521,Dichterswijk,Wijk 08 Zuidwest,Utrecht,Utrecht,Utrecht,"
Spaarnwouderstraat 2 - 38 

Wijdesteeg 3 - 3 

"
0,3831 EZ,52.132858152326,5.433768210122,"
Ardennen 50 - 88 

",033,3831,Rozendaal,Wijk 01 Leusden-Centrum West,Leusden,Leusden,Utrecht,"
Spaarnwouderstraat 2 - 38 

Wijdesteeg 3 - 3 

"
0,2201 CZ,52.215705264357,4.4329390723229,"
's-Gravendijckseweg 1 - 60 

",071,2201,Verspreide huizen Zuiden en Oosten,Wijk 00 Noordwijk-Binnen,Noordwijk,Noordwijk,Zuid-Holland,"
Spaarnwouderstraat 2 - 38 

Wijdesteeg 3 - 3 

"
0,2011 TN,52.382880962018,4.6305789675921,"
Zijlstraat 4 - 32 

",023,2011,Binnenstad,Oude Stad,Haarlem,Haarlem,Noord-Holland,"
Spaarnwouderstraat 2 - 38 

Wijdesteeg 3 - 3 

"
0,3815 SX,52.161500090386,5.4130312382336,"
Spreeuwenstraat 253 - 301 

",033,3815,Zwaluwenstraat,Wijk 10 Liendert,Amersfoort,Amersfoort,Utrecht,"
Spaarnwouderstraat 2 - 38 

Wijdesteeg 3 - 3 

"
0,3083 ML,51.890738586236,4.4767309852052,"
Wolphaertsbocht 245 - 263 

",010,3083,Carnisse,Charlois,Rotterdam,Rotterdam,Zuid-Holland,"
Spaarnwouderstraat 2 - 38 

Wijdesteeg 3 - 3 

"
0,2517 ES,52.081217293254,4.2760702164039,"
Groot Hertoginnelaan 171 - 223 

",070,2517,Bomenbuurt,Wijk 12 Bomen- en Bloemenbuurt,Den Haag,'s-Gravenhage,Zuid-Holland,"
Spaarnwouderstraat 2 - 38 

Wijdesteeg 3 - 3 

"
0,3512 LC,52.089243365833,5.1238302126905,"
Nieuwegracht 11 - 27 

",030,3512,"Domplein, Neude, Janskerkhof",Wijk 06 Binnenstad,Utrecht,Utrecht,Utrecht,"
Spaarnwouderstraat 2 - 38 

Wijdesteeg 3 - 3 

"
0,6441 XB,50.949217453839,5.9567648905722,"
Henri Dunantstraat 43 - 83 

",045,6441,Lemmender,Wijk 02 Brunssum-Noord,Brunssum,Brunssum,Limburg,"
Spaarnwouderstraat 2 - 38 

Wijdesteeg 3 - 3 

"
0,2546 BK,52.057046182935,4.2741684532251,"
Driebergenstraat 337 - 371 

",070,2546,Leyenburg,Wijk 32 Leyenburg,Den Haag,'s-Gravenhage,Zuid-Holland,"
Spaarnwouderstraat 2 - 38 

Wijdesteeg 3 - 3 

"
0,6581 RB,51.775386592647,5.8608255566081,"
Haver 1 - 67 

",024,6581,Malden-Oost,Wijk 00 Heumen,Malden,Heumen,Gelderland,"
Spaarnwouderstraat 2 - 38 

Wijdesteeg 3 - 3 

"
0,2012 XH,52.373704182589,4.6386339174219,"
De Keijstraat 2 - 10 

",023,2012,Rozenprieel-zuid,Haarlemmerhoutkwartier,Haarlem,Haarlem,Noord-Holland,"
Spaarnwouderstraat 2 - 38 

Wijdesteeg 3 - 3 

"
0,2987 VV,51.887829293873,4.5803675413026,"
Reggestraat 40 - 78 

",0180,2987,Bolnes,Bolnes,Ridderkerk,Ridderkerk,Zuid-Holland,"
Spaarnwouderstraat 2 - 38 

Wijdesteeg 3 - 3 

"
0,6811 LZ,51.984021849965,5.8977720524946,"
Utrechtsestraat 38 - 66 

",026,6811,Utrechtsestraat,Centrum,Arnhem,Arnhem,Gelderland,"
Spaarnwouderstraat 2 - 38 

Wijdesteeg 3 - 3 

"
0,5611 JD,51.435884169842,5.4723175067061,"
St Catharinastraat 34 - 64 

",040,5611,Bergen,Wijk 11 Stadsdeel Centrum,Eindhoven,Eindhoven,Noord-Brabant,"
Spaarnwouderstraat 2 - 38 

Wijdesteeg 3 - 3 

"
0,4651 WV,51.593444612228,4.3286230888925,"
Rietveen 1 - 23 

",0167,4651,Steenbergen-Noord,Wijk 00 Steenbergen,Steenbergen,Steenbergen,Noord-Brabant,"
Spaarnwouderstraat 2 - 38 

Wijdesteeg 3 - 3 

"
0,1052 KB,52.37668311105,4.875172501649,"
Van Oldenbarneveldtstraat 20 - 34 

",020,1052,Frederik Hendrikbuurt Noord,Frederik Hendrikbuurt,Amsterdam,Amsterdam,Noord-Holland,"
Spaarnwouderstraat 2 - 38 

Wijdesteeg 3 - 3 

"
0,2243 BK,52.126599280417,4.3743319152054,"
Schouwweg 73 - 80 

",070,2243,De Kieviet,Wijk 00 Zuidwestelijk deel der gemeente,Wassenaar,Wassenaar,Zuid-Holland,"
Spaarnwouderstraat 2 - 38 

Wijdesteeg 3 - 3 

"
0,1946 RH,52.493282920836,4.678728035669,"
Waalstraat 20 - 122 

",0251,1946,Oosterwijk,Oosterwijk en Zwaansmeer,Beverwijk,Beverwijk,Noord-Holland,"
Spaarnwouderstraat 2 - 38 

Wijdesteeg 3 - 3 

"
0,1216 CC,52.220894527045,5.1519626527802,"
Gijsbrecht van Amstelstraat 392 - 418 

",035,1216,Het Rode Dorp,Zuidwest,Hilversum,Hilversum,Noord-Holland,"
Spaarnwouderstraat 2 - 38 

Wijdesteeg 3 - 3 

"
0,1018 SP,52.366532833099,4.9088970703719,"
Plantage Parklaan 1 - 6 

",020,1018,Plantage,Weesperbuurt/Plantage,Amsterdam,Amsterdam,Noord-Holland,"
Spaarnwouderstraat 2 - 38 

Wijdesteeg 3 - 3 

"
0,1079 DP,52.34401198591,4.9015626001603,"
Waalstraat 55 - 73 

",020,1079,Scheldebuurt Oost,Scheldebuurt,Amsterdam,Amsterdam,Noord-Holland,"
Spaarnwouderstraat 2 - 38 

Wijdesteeg 3 - 3 

"
0,5104 DB,51.625168840473,4.9478524329552,"
Wagenmaker 2 - 14 

",0162,5104,Centrum,Dongen,Dongen,Dongen,Noord-Brabant,"
Spaarnwouderstraat 2 - 38 

Wijdesteeg 3 - 3 

"
0,5615 CG,51.427562113572,5.4863743618631,"
Aalsterweg 18 - 48 

",040,5615,Looiakkers,Wijk 12 Stadsdeel Stratum,Eindhoven,Eindhoven,Noord-Brabant,"
Spaarnwouderstraat 2 - 38 

Wijdesteeg 3 - 3 

"
0,2011 CP,52.377393473519,4.6409034832118,"
Aalsterweg 18 - 48 

",023,2011,Burgwal,Oude Stad,Haarlem,Haarlem,Noord-Holland,"
Antoniestraat 51 - 87 

Barnesteeg 2 - 2 

"
0,1317 PV,52.39045124239,5.2344996426997,"
Forelstraat 28 - 66 

",036,1317,Waterwijk,Wijk 02 Almere Stad,Almere,Almere,Flevoland,"
Antoniestraat 51 - 87 

Barnesteeg 2 - 2 

"
0,5014 EC,51.562833950085,5.0930139482425,"
Koestraat 117 - 151 

",013,5014,Besterd,Loven-Besterd,Tilburg,Tilburg,Noord-Brabant,"
Antoniestraat 51 - 87 

Barnesteeg 2 - 2 

"
0,1102 JN,52.319751197589,4.9580584683479,"
Janusz Korczakstraat 4 - 38 

",020,1102,F-buurt,"Bijlmer Centrum (D,F,H)",Amsterdam,Amsterdam,Noord-Holland,"
Antoniestraat 51 - 87 

Barnesteeg 2 - 2 

"
0,2516 HP,52.064732685267,4.3305981967091,"
Rijswijkseweg 392 - 444 

",070,2516,Noordpolderbuurt,Wijk 38 Laakkwartier en Spoorwijk,Den Haag,'s-Gravenhage,Zuid-Holland,"
Antoniestraat 51 - 87 

Barnesteeg 2 - 2 

"
0,3511 RN,52.093396231089,5.1128955462422,"
Lange Koestraat 6 - 32 

",030,3511,Wijk C,Wijk 06 Binnenstad,Utrecht,Utrecht,Utrecht,"
Antoniestraat 51 - 87 

Barnesteeg 2 - 2 

"
0,2811 NW,52.049646409975,4.7465089420916,"
Lange Koestraat 6 - 32 

",0182,2811,Sluipwijk,Wijk 07 Reeuwijk Brug,Reeuwijk,Bodegraven-Reeuwijk,Zuid-Holland,"
Oudeweg 46 - 110 

Reeuwijksehoutwal 1 - 4 

"
0,2135 HM,52.299414069786,4.668513603208,"
Betsy Perkstraat 1 - 53 

",023,2135,Hoofddorp Toolenburg Oost,Hoofddorp,Hoofddorp,Haarlemmermeer,Noord-Holland,"
Oudeweg 46 - 110 

Reeuwijksehoutwal 1 - 4 

"
0,9712 NN,53.224631942441,6.5622742491197,"
Nieuwe Ebbingestraat 62 - 84 

",050,9712,Hortusbuurt-Ebbingekwartier,Centrum,Groningen,Groningen,Groningen,"
Oudeweg 46 - 110 

Reeuwijksehoutwal 1 - 4 

"
0,5629 LH,51.488516196187,5.478771006049,"
Tovermolen 1 - 41 

",040,5629,Blixembosch-Oost,Wijk 15 Stadsdeel Woensel-Noord,Eindhoven,Eindhoven,Noord-Brabant,"
Oudeweg 46 - 110 

Reeuwijksehoutwal 1 - 4 

"
0,3752 GP,52.252224440892,5.3670345216847,"
van der Duyn van Maasdamlaan 1 - 6 

",033,3752,Broerswetering,Wijk 00,Bunschoten-Spakenburg,Bunschoten,Utrecht,"
Oudeweg 46 - 110 

Reeuwijksehoutwal 1 - 4 

"
0,4854 CH,51.565834541759,4.8330873154574,"
Lange Vore 9 - 63 

",0161,4854,Bavel,Bavel,Bavel,Breda,Noord-Brabant,"
Oudeweg 46 - 110 

Reeuwijksehoutwal 1 - 4 

"
0,5615 PW,51.429440731029,5.4664480483407,"
Hoogstraat 164 - 206 

",040,5615,Oude Spoorbaan,Wijk 17 Stadsdeel Gestel,Eindhoven,Eindhoven,Noord-Brabant,"
Oudeweg 46 - 110 

Reeuwijksehoutwal 1 - 4 

"
0,5708 SB,51.456476990686,5.6089947669465,"
Schrijvershoeve 2 - 84 

",0492,5708,Stepekolk,Wijk 21 Brandevoort,Helmond,Helmond,Noord-Brabant,"
Oudeweg 46 - 110 

Reeuwijksehoutwal 1 - 4 

"
0,6811 EB,51.979057840935,5.9096488873466,"
Schrijvershoeve 2 - 84 

",026,6811,Markt,Centrum,Arnhem,Arnhem,Gelderland,"
Kerkplein 1 - 1 

Broerenstraat 4 - 57 

"
0,1072 BE,52.357429623616,4.8879862405629,"
Eerste Jacob van Campenstraat 2 - 34 

",020,1072,Frans Halsbuurt,Oude Pijp,Amsterdam,Amsterdam,Noord-Holland,"
Kerkplein 1 - 1 

Broerenstraat 4 - 57 

"
0,7311 SJ,52.211597474446,5.9669458514303,"
Kalverstraat 2 - 44 

",055,7311,Binnenstad,Centrum,Apeldoorn,Apeldoorn,Gelderland,"
Kerkplein 1 - 1 

Broerenstraat 4 - 57 

"
0,4691 EJ,51.5329116225,4.2231115682473,"
Bebouwdendam 8 - 40 

",0166,4691,Tholen,Tholen,Tholen,Tholen,Zeeland,"
Kerkplein 1 - 1 

Broerenstraat 4 - 57 

"
0,9713 AC,53.219322462743,6.579178200645,"
Petrus Campersingel 1 - 27 

",050,9713,Gorechtbuurt,Oosterparkwijk,Groningen,Groningen,Groningen,"
Kerkplein 1 - 1 

Broerenstraat 4 - 57 

"
0,1068 ZV,52.364885098539,4.803462308347,"
Landzicht 2 - 49 

",020,1068,Meer en Oever,Osdorp-Oost,Amsterdam,Amsterdam,Noord-Holland,"
Kerkplein 1 - 1 

Broerenstraat 4 - 57 

"
0,1017 TX,52.36141025442,4.8938663643188,"
Noorderdwarsstraat 1 - 20 

",020,1017,Weteringbuurt,De Weteringschans,Amsterdam,Amsterdam,Noord-Holland,"
Kerkplein 1 - 1 

Broerenstraat 4 - 57 

"
0,3074 JK,51.899106983248,4.5098457225015,"
2e Rosestraat 10 - 40 

",010,3074,Hillesluis,Feijenoord,Rotterdam,Rotterdam,Zuid-Holland,"
Kerkplein 1 - 1 

Broerenstraat 4 - 57 

"
0,2316 BD,52.166506473663,4.4911611027643,"
Hansenstraat 31 - 51 

",071,2316,Groenoord,Leiden-Noord,Leiden,Leiden,Zuid-Holland,"
Kerkplein 1 - 1 

Broerenstraat 4 - 57 

"
0,3062 KW,51.921079969555,4.5108729101166,"
Voorschoterlaan 134 - 190 

",010,3062,Kralingen Oost,Kralingen-Crooswijk,Rotterdam,Rotterdam,Zuid-Holland,"
Kerkplein 1 - 1 

Broerenstraat 4 - 57 

"
0,2315 KK,52.16060720691,4.5071976058314,"
Van Galenstraat 1 - 24 

",071,2315,De Waard,Binnenstad-Noord,Leiden,Leiden,Zuid-Holland,"
Kerkplein 1 - 1 

Broerenstraat 4 - 57 

"
0,1012 XM,52.367994585145,4.890295756197,"
Handboogstraat 2 - 31 

",020,1012,Kalverdriehoek,Burgwallen-Nieuwe Zijde,Amsterdam,Amsterdam,Noord-Holland,"
Kerkplein 1 - 1 

Broerenstraat 4 - 57 

"
0,5038 HG,51.559824877717,5.0712327007905,"
Pijnboomstraat 2 - 135 

",013,5038,Bomenbuurt Midden,Noordhoek,Tilburg,Tilburg,Noord-Brabant,"
Kerkplein 1 - 1 

Broerenstraat 4 - 57 

"
0,2565 EW,52.080102275918,4.2607135925984,"
Goudenregenstraat 295 - 325 

",070,2565,Bloemenbuurt-Oost,Wijk 12 Bomen- en Bloemenbuurt,Den Haag,'s-Gravenhage,Zuid-Holland,"
Kerkplein 1 - 1 

Broerenstraat 4 - 57 

"
0,1871 EB,52.7017727766,4.6933396891935,"
Heereweg 3 - 37 

",072,1871,Schoorl met Bregtdorp,Wijk 07 Schoorl,Schoorl,Bergen (NH.),Noord-Holland,"
Kerkplein 1 - 1 

Broerenstraat 4 - 57 

"
0,7511 HA,52.219218257567,6.8977808379405,"
Langestraat 5 - 25 

",053,7511,City,Wijk 00 Binnensingelgebied,Enschede,Enschede,Overijssel,"
Kerkplein 1 - 1 

Broerenstraat 4 - 57 

"
0,9714 CD,53.226602265558,6.5668683494132,"
Eyssoniusplein 1 - 19 

",050,9714,Professorenbuurt,Oud-Noord,Groningen,Groningen,Groningen,"
Kerkplein 1 - 1 

Broerenstraat 4 - 57 

"
0,2583 DZ,52.097159304992,4.263888869279,"
Hellingweg 5 - 171 

",070,2583,,,Den Haag,'s-Gravenhage,Zuid-Holland,"
Kerkplein 1 - 1 

Broerenstraat 4 - 57 

"
0,2645 JT,52.001233213854,4.3911178841917,"
Bezembinderstraat 1 - 26 

",015,2645,Emerald Centrum,Delfgauw,Delfgauw,Pijnacker-Nootdorp,Zuid-Holland,"
Kerkplein 1 - 1 

Broerenstraat 4 - 57 

"
0,4811 ZB,51.588345383163,4.777241356446,"
Veemarktstraat 1 - 23 

",076,4811,City,Breda Centrum,Breda,Breda,Noord-Brabant,"
Kerkplein 1 - 1 

Broerenstraat 4 - 57 

"
0,6221 CS,50.847481307149,5.6996383583827,"
Hoogbrugstraat 40 - 78 

",043,6221,Wyck,Wijk 00 Centrum,Maastricht,Maastricht,Limburg,"
Kerkplein 1 - 1 

Broerenstraat 4 - 57 

"
0,1059 WC,52.351218608843,4.8444122385738,"
De Lierhof 33 - 71 

",020,1059,Delflandpleinbuurt Oost,Westlandgracht,Amsterdam,Amsterdam,Noord-Holland,"
Kerkplein 1 - 1 

Broerenstraat 4 - 57 

"
0,6814 DB,51.985708472154,5.9026456885585,"
Sweerts de Landasstraat 31 - 73 

",026,6814,Burgemeesterswijk,Burgemeesterswijk/Hoogkamp,Arnhem,Arnhem,Gelderland,"
Kerkplein 1 - 1 

Broerenstraat 4 - 57 

"
0,7545 ZL,52.215896298375,6.8598248953612,"
Rembrandtlaan 14 - 86 

",053,7545,Elferink-Heuwkamp,Wijk 02 Boswinkel - Stadsveld,Enschede,Enschede,Overijssel,"
Kerkplein 1 - 1 

Broerenstraat 4 - 57 

"
0,1078 PV,52.348168766477,4.9048126685022,"
Rijnstraat 15 - 25 

",020,1078,IJselbuurt Oost,IJselbuurt,Amsterdam,Amsterdam,Noord-Holland,"
Kerkplein 1 - 1 

Broerenstraat 4 - 57 

"
0,1079 JS,52.342199765303,4.907622314429,"
Vechtstraat 144 - 154 

",020,1079,Rijnbuurt Oost,Rijnbuurt,Amsterdam,Amsterdam,Noord-Holland,"
Kerkplein 1 - 1 

Broerenstraat 4 - 57 

"
0,7551 CN,52.262642610972,6.7930459485304,"
Stationsplein 1 - 41 

",074,7551,Binnenstad-Centrum,Wijk 00 Binnenstad,Hengelo,Hengelo,Overijssel,"
Kerkplein 1 - 1 

Broerenstraat 4 - 57 

"
0,4817 KE,51.591366804328,4.7971632020679,"
St. Ignatiusstraat 127 - 137 

",076,4817,Brabantpark,Breda Oost,Breda,Breda,Noord-Brabant,"
Kerkplein 1 - 1 

Broerenstraat 4 - 57 

"
0,5611 CJ,51.441162071171,5.4820600851125,"
Dommelstraat 1 - 29 

",040,5611,Binnenstad,Wijk 11 Stadsdeel Centrum,Eindhoven,Eindhoven,Noord-Brabant,"
Kerkplein 1 - 1 

Broerenstraat 4 - 57 

"
0,2565 ZZ,52.081155669809,4.2717563325628,"
Ahornstraat 38 - 84 

",070,2565,Bomenbuurt,Wijk 12 Bomen- en Bloemenbuurt,Den Haag,'s-Gravenhage,Zuid-Holland,"
Kerkplein 1 - 1 

Broerenstraat 4 - 57 

"
0,3081 TJ,51.892712928699,4.4882930177243,"
's-Gravendeelstraat 4 - 24 

",010,3081,Tarwewijk,Charlois,Rotterdam,Rotterdam,Zuid-Holland,"
Kerkplein 1 - 1 

Broerenstraat 4 - 57 

"
0,3633 CT,52.230195335238,5.0311133386249,"
Fetha 1 - 25 

",0294,3633,Vreeland Dorp,Wijk 06 Vreeland,Vreeland,Stichtse Vecht,Utrecht,"
Kerkplein 1 - 1 

Broerenstraat 4 - 57 

"
0,5652 EH,51.437529490232,5.4359594322996,"
Zeelsterstraat 195 - 229 

",040,5652,Het Ven,Wijk 16 Stadsdeel Strijp,Eindhoven,Eindhoven,Noord-Brabant,"
Kerkplein 1 - 1 

Broerenstraat 4 - 57 

"
0,2011 DC,52.379207682837,4.6372866597667,"
Turfsteeg 1 - 7 

",023,2011,Binnenstad,Oude Stad,Haarlem,Haarlem,Noord-Holland,"
Kerkplein 1 - 1 

Broerenstraat 4 - 57 

"
0,5211 SL,51.689831314773,5.3036602999184,"
Marktstraat 1 - 23 

",073,5211,Binnenstad-Centrum,Binnenstad,'s-Hertogenbosch,'s-Hertogenbosch,Noord-Brabant,"
Kerkplein 1 - 1 

Broerenstraat 4 - 57 

"
0,5612 BP,51.451554901161,5.4771210380047,"
Veldmaarschalk Montgomerylaan 621 - 669 

",040,5612,Gildebuurt,Wijk 14 Stadsdeel Woensel-Zuid,Eindhoven,Eindhoven,Noord-Brabant,"
Kerkplein 1 - 1 

Broerenstraat 4 - 57 

"
0,7512 CL,52.212907563425,6.8957125149242,"
Kuipersdijk 102 - 140 

",053,7512,Getfert,Wijk 00 Binnensingelgebied,Enschede,Enschede,Overijssel,"
Kerkplein 1 - 1 

Broerenstraat 4 - 57 

"
0,1076 LZ,52.3447316231,4.8657999958922,"
Van Tuyll van Serooskerkenplein 23 - 43 

",020,1076,Van Tuyllbuurt,Stadionbuurt,Amsterdam,Amsterdam,Noord-Holland,"
Kerkplein 1 - 1 

Broerenstraat 4 - 57 

"
0,1506 BJ,52.439630433863,4.8242223754069,"
Damkade 2 - 6 

",075,1506,Russische buurt,Wijk 21 Oude Haven,Zaandam,Zaanstad,Noord-Holland,"
Kerkplein 1 - 1 

Broerenstraat 4 - 57 

"
0,9171 LT,53.351575450373,5.8598723634396,"
Voorstraat 1 - 35 

",0519,9171,Blija,Wijk 00 Bouwstreek,Blije,Noardeast-Fryslân,Friesland,"
Kerkplein 1 - 1 

Broerenstraat 4 - 57 

"
0,1217 LN,52.228280409011,5.1746432758999,"
Gerardus Gullaan 2 - 22 

",035,1217,Raadhuiskwartier,Noordwest,Hilversum,Hilversum,Noord-Holland,"
Kerkplein 1 - 1 

Broerenstraat 4 - 57 

"
0,3583 TK,52.085538099121,5.1447957401135,"
Hendrick de Keyserstraat 30 - 62 

",030,3583,Schildersbuurt,Wijk 05 Oost,Utrecht,Utrecht,Utrecht,"
Kerkplein 1 - 1 

Broerenstraat 4 - 57 

"
0,2905 AB,51.938979117494,4.5995626375459,"
Dakotaweg 39 - 265 

",010,2905,Amerikaansebuurt,Oostgaarde Noord,Capelle aan den IJssel,Capelle aan den IJssel,Zuid-Holland,"
Kerkplein 1 - 1 

Broerenstraat 4 - 57 

"
0,1015 AD,52.376795996672,4.8912447206516,"
Singel 84 - 108 

",020,1015,Langestraat e.o.,Grachtengordel-West,Amsterdam,Amsterdam,Noord-Holland,"
Kerkplein 1 - 1 

Broerenstraat 4 - 57 

"
0,5704 ED,51.469708816887,5.7024566574525,"
Biesbosch 1 - 35 

",0492,5704,Brouwhuis-West,Wijk 14 Brouwhuis,Helmond,Helmond,Noord-Brabant,"
Kerkplein 1 - 1 

Broerenstraat 4 - 57 

"
0,6214 RB,50.845796339077,5.6754574387719,"
Pastoor Wijnenweg 3 - 29 

",043,6214,Mariaberg,Wijk 02 Buitenwijk West,Maastricht,Maastricht,Limburg,"
Kerkplein 1 - 1 

Broerenstraat 4 - 57 

"
0,7556 TT,52.26838059878,6.793896094639,"
Sparweg 1 - 32 

",074,7556,Tichelwerk,Wijk 01 Hengelose Es,Hengelo,Hengelo,Overijssel,"
Kerkplein 1 - 1 

Broerenstraat 4 - 57 

"
0,1079 AC,52.344624698323,4.9020769005531,"
Rooseveltlaan 35 - 49 

",020,1079,Scheldebuurt Oost,Scheldebuurt,Amsterdam,Amsterdam,Noord-Holland,"
Kerkplein 1 - 1 

Broerenstraat 4 - 57 

"
0,2311 XK,52.15247318049,4.4850073817532,"
Hugo de Grootstraat 26 - 183 

",071,2311,Vreewijk,Bos- en Gasthuisdistrict,Leiden,Leiden,Zuid-Holland,"
Kerkplein 1 - 1 

Broerenstraat 4 - 57 

"
0,3755 WH,52.248712717711,5.2523111049987,"
Witbol 1 - 29 

",035,3755,Zuidbuurt,Eemnes,Eemnes,Eemnes,Utrecht,"
Kerkplein 1 - 1 

Broerenstraat 4 - 57 

"
0,3074 CE,51.894004752751,4.5105137711618,"
Riederlaan 81 - 97 

",010,3074,Hillesluis,Feijenoord,Rotterdam,Rotterdam,Zuid-Holland,"
Kerkplein 1 - 1 

Broerenstraat 4 - 57 

"
0,1354 CA,52.338907855241,5.2187353949783,"
Stadswerf 1 - 16 

",036,1354,De Werven,Wijk 01 Almere Haven,Almere,Almere,Flevoland,"
Kerkplein 1 - 1 

Broerenstraat 4 - 57 

"
0,9718 NG,53.215426987219,6.5484421939303,"
Friesestraatweg 12 - 16 

",050,9718,Kostverloren,Oud-West,Groningen,Groningen,Groningen,"
Kerkplein 1 - 1 

Broerenstraat 4 - 57 

"
0,3525 VL,52.065736257164,5.1188201364785,"
Julianaweg 182 - 216 

",030,3525,Oud Hoograven-Zuid,Wijk 07 Zuid,Utrecht,Utrecht,Utrecht,"
Kerkplein 1 - 1 

Broerenstraat 4 - 57 

"
0,8932 PJ,53.191751266259,5.799693827636,"
Tadingastraat 1 - 39 

",058,8932,Huizum-Bornia,Potmargezone,Leeuwarden,Leeuwarden,Friesland,"
Kerkplein 1 - 1 

Broerenstraat 4 - 57 

"
0,1018 TL,52.366157078021,4.9100257421688,"
Plantage Muidergracht 21 - 51 

",020,1018,Plantage,Weesperbuurt/Plantage,Amsterdam,Amsterdam,Noord-Holland,"
Kerkplein 1 - 1 

Broerenstraat 4 - 57 

"
0,6718 HN,52.049256166764,5.6355105096843,"
Plantage Muidergracht 21 - 51 

",0318,6718,De Bossen,Kernhem,Ede,Ede,Gelderland,"
Spanderswoud 3 - 3 

Ambtsbos 2 - 64 

"
0,2021 HZ,52.391854533581,4.6403661470034,"
Schoterweg 1 - 69 

",023,2021,Frans Halsbuurt,Transvaalwijk,Haarlem,Haarlem,Noord-Holland,"
Spanderswoud 3 - 3 

Ambtsbos 2 - 64 

"
0,2132 BG,52.302619435025,4.694637334517,"
Polderplein 131 - 283 

",023,2132,Hoofddorp Zuid,Hoofddorp,Hoofddorp,Haarlemmermeer,Noord-Holland,"
Spanderswoud 3 - 3 

Ambtsbos 2 - 64 

"
0,6041 HK,51.191794934195,5.9913731915112,"
Kruisherenstraat 1 - 408 

",0475,6041,Binnenstad,Wijk 00 Centrum,Roermond,Roermond,Limburg,"
Spanderswoud 3 - 3 

Ambtsbos 2 - 64 

"
0,1055 HR,52.38150970745,4.848212721407,"
Granidastraat 82 - 92 

",020,1055,Bosleeuw,Landlust,Amsterdam,Amsterdam,Noord-Holland,"
Spanderswoud 3 - 3 

Ambtsbos 2 - 64 

"
0,6211 EM,50.85126752391,5.6931462381993,"
Hoenderstraat 2 - 32 

",043,6211,Binnenstad,Wijk 00 Centrum,Maastricht,Maastricht,Limburg,"
Spanderswoud 3 - 3 

Ambtsbos 2 - 64 

"
0,7551 CP,52.262742564689,6.7938428726195,"
Stationsplein 40 - 68 

",074,7551,Binnenstad-Centrum,Wijk 00 Binnenstad,Hengelo,Hengelo,Overijssel,"
Spanderswoud 3 - 3 

Ambtsbos 2 - 64 

"
0,3022 GA,51.919942222753,4.4474177265462,"
Beukelsweg 1 - 7 

",010,3022,Nieuwe Westen,Delfshaven,Rotterdam,Rotterdam,Zuid-Holland,"
Spanderswoud 3 - 3 

Ambtsbos 2 - 64 

"
0,1012 LZ,52.378629029715,4.8951321547375,"
Nieuwendijk 1 - 29 

",020,1012,Hemelrijk,Burgwallen-Nieuwe Zijde,Amsterdam,Amsterdam,Noord-Holland,"
Spanderswoud 3 - 3 

Ambtsbos 2 - 64 

"
0,6412 HJ,50.899525175145,5.9602045330928,"
Zeswegenlaan 222 - 275 

",045,6412,Zeswegen,Wijk 30 Zeswegen-Nieuw Husken,Heerlen,Heerlen,Limburg,"
Spanderswoud 3 - 3 

Ambtsbos 2 - 64 

"
0,4817 TN,51.584638683003,4.8156610142325,"
Weilustlaan 92 - 160 

",076,4817,Heusdenhout,Breda Oost,Breda,Breda,Noord-Brabant,"
Spanderswoud 3 - 3 

Ambtsbos 2 - 64 

"
0,5628 AG,51.478486978441,5.4638861807066,"
Nederlandplein 49 - 72 

",040,5628,Woenselse Heide,Wijk 15 Stadsdeel Woensel-Noord,Eindhoven,Eindhoven,Noord-Brabant,"
Spanderswoud 3 - 3 

Ambtsbos 2 - 64 

"
0,4614 JL,51.512167449092,4.2870874142056,"
Turfland 2 - 25 

",0164,4614,Noordgeest,Wijk 01 Bergen op Zoom-Noord,Bergen op Zoom,Bergen op Zoom,Noord-Brabant,"
Spanderswoud 3 - 3 

Ambtsbos 2 - 64 

"
0,4532 JB,51.334729746052,3.8476189055801,"
Churchilllaan 624 - 754 

",0115,4532,Noordpolder,Terneuzen Noord,Terneuzen,Terneuzen,Zeeland,"
Spanderswoud 3 - 3 

Ambtsbos 2 - 64 

"
0,3817 AV,52.150596204871,5.3867185152055,"
Aldegondestraat 40 - 68 

",033,3817,Bekenstein en De Luiaard,Wijk 15 Vermeerkwartier,Amersfoort,Amersfoort,Utrecht,"
Spanderswoud 3 - 3 

Ambtsbos 2 - 64 

"
0,9718 MD,53.217566865974,6.547410667868,"
Rubensstraat 42 - 60 

",050,9718,Schildersbuurt,Oud-West,Groningen,Groningen,Groningen,"
Spanderswoud 3 - 3 

Ambtsbos 2 - 64 

"
